user_id,timestamp,currency_pair,action,entry_price,outcome,rating,notes,feedback
7,2015-01-01 00:00:00,EUR/USD,buy,1.07229,profit,Poor,,"It is important to base trades on sound analysis and not solely rely on luck. Consider adjusting the risk rate to minimize potential losses and make sure to closely monitor market behavior to make informed decisions. Additionally, consider using additional technical indicators or strategies to improve trade entry and exit points."
8,2015-01-01 04:00:00,EUR/USD,sell,1.11945,loss,Poor,,"It is important to consider the overall market trend and potential support and resistance levels before entering a trade. Using trailing stop losses or adjusting take profit levels based on market conditions could help in managing risk and maximizing potential profits. Additionally, continuously monitoring the trade and being prepared to adjust the strategy if market conditions change is crucial for successful trading."
4,2015-01-01 08:00:00,EUR/USD,buy,1.19429,loss,Poor,"The trade resulted in a loss as the market did not move in favor of the buy position. The market behavior showed a decline in the price after the entry point, leading to a loss.","In future trades, it is important to closely monitor market trends and consider setting more conservative stop loss and take profit levels based on market volatility. Additionally, it may be beneficial to analyze additional indicators or factors that could impact the currency pair's movement."
8,2015-01-01 12:00:00,EUR/USD,buy,1.21086,loss,Poor,"The trade resulted in a loss as the market moved against the user's position. The market behavior showed a downward trend after the entry point, causing the stop loss to be hit.","In future trades, it is crucial to closely monitor market trends and adjust stop loss levels accordingly to mitigate risks. Consider setting tighter stop loss levels or waiting for more confirmation before entering a trade to improve chances of success. Additionally, conducting thorough market analysis and utilizing technical indicators can help make more informed trading decisions."
3,2015-01-01 16:00:00,EUR/USD,sell,1.14067,loss,Poor,"The trade resulted in a loss as the market behavior did not align with the trade's direction. The entry price was too high compared to the subsequent market movement, resulting in a stop loss being triggered and a loss incurred.","In future trades, consider setting a more realistic entry price based on market analysis and trends. Additionally, ensure that the risk rate is carefully calculated to minimize losses in case the trade does not go as planned. Keep a close eye on market behavior and adjust strategy accordingly."
2,2015-01-01 20:00:00,EUR/USD,sell,1.20275,profit,Good,,
6,2015-02-01 00:00:00,EUR/USD,sell,1.24032,profit,Good,,
8,2015-02-01 04:00:00,EUR/USD,buy,1.18785,loss,Poor,The trade resulted in a loss as the price did not reach the Take Profit level and went below the Stop Loss. The market behaved unpredictably and the price moved against the trade.,"In future trades, consider setting more realistic Stop Loss and Take Profit levels based on market conditions. Additionally, keep an eye on the market behavior and make adjustments to the trade if necessary to minimize potential losses. Conduct thorough analysis before entering a trade to increase the likelihood of success."
10,2015-02-01 08:00:00,EUR/USD,sell,1.20348,profit,Poor,"The trade outcome was profitable but the market behavior did not adhere to the initial Stop Loss and Take Profit levels set. The market saw some fluctuations, but ultimately did not reach the levels required to trigger either the Stop Loss or Take Profit.","It is important to reassess and potentially adjust Stop Loss and Take Profit levels based on market volatility and behavior. Additionally, consider using technical analysis indicators to help make more informed trading decisions. Regularly review and update your trading strategy to adapt to changing market conditions."
3,2015-02-01 12:00:00,EUR/USD,buy,1.20014,loss,Poor,"The trade resulted in a loss as the market did not move in the expected direction. The market showed a downward trend after the entry, ultimately hitting the stop loss level.","In future trades, it is important to consider the overall market context and carefully analyze the market behavior before entering a trade. It may also be beneficial to have a more conservative risk rate to minimize potential losses in such situations. Additionally, it is essential to continuously learn from past trades and adjust strategies accordingly."
8,2015-02-01 16:00:00,EUR/USD,buy,1.06417,profit,Good,,
10,2015-02-01 20:00:00,EUR/USD,buy,1.09962,open,Poor,"The trade was opened at 1.09962 with Stop Loss at 1.08519 and Take Profit at 1.13875. However, the market moved against the trade with the price reaching a high of 1.13623, which would have hit the Stop Loss and caused a loss on the trade.","It is important to set Stop Loss and Take Profit levels based on thorough analysis of the market trends and price action. In this case, it may be beneficial to reassess the entry point and risk management strategy to avoid similar losses in the future. Additionally, keeping a close eye on market behavior and staying updated with relevant news and events can help in making more informed trading decisions."
7,2015-03-01 00:00:00,EUR/USD,sell,1.05813,loss,Poor,"The trade resulted in a loss as the market behaved unfavorably for a sell trade. The market showed a bullish trend, with the price steadily increasing over the specified intervals.","In the future, it is important to closely monitor market trends and consider the overall market context before placing trades. It may be beneficial to wait for clearer signals and avoid trading against the prevailing trend to improve trade outcomes. Additionally, revisiting risk management strategies and adjusting risk rates may help mitigate potential losses."
3,2015-03-01 04:00:00,EUR/USD,buy,1.24167,loss,Poor,"This trade resulted in a loss as the market moved against the user's buy position. The market saw a general upward trend during the specified intervals, but the entry point was not ideal and the stop loss was hit before the take profit level could be reached.","In the future, it would be beneficial to carefully consider entry points and adjust stop loss and take profit levels based on market conditions. It is also important to closely monitor the market and be prepared to exit a trade if it is not performing as expected. Additionally, considering using technical analysis tools to confirm trade signals could help improve trade outcomes."
9,2015-03-01 08:00:00,EUR/USD,sell,1.0753,loss,Poor,"The trade resulted in a loss as the market did not move in the direction anticipated. The market behavior showed a gradual increase in price, causing the trade to hit the stop loss.","In future trades, it is important to consider the overall market trend and potential resistance levels before setting entry, stop loss, and take profit levels. Additionally, risk management should be carefully monitored to avoid significant losses."
6,2015-03-01 12:00:00,EUR/USD,sell,1.08148,loss,Poor,,
9,2015-03-01 16:00:00,EUR/USD,buy,1.15299,loss,Poor,"The trade resulted in a loss as the market moved against the entry position. The market behavior showed a bearish trend, with the price decreasing from the entry point.","It is important to consider market trends and price movements before entering a trade. In this case, a more thorough analysis of the market context could have helped avoid a losing trade. Additionally, ensuring that stop loss and take profit levels are strategically placed can help limit potential losses and maximize profits in future trades."
2,2015-03-01 20:00:00,EUR/USD,sell,1.07488,loss,Poor,"The trade resulted in a loss as the market moved in the opposite direction of the sell trade. The market behavior showed a continuous uptrend, reaching higher highs and higher lows, which was not favorable for a sell trade.","In future trades, it is important to consider the overall market trend and potential support and resistance levels. Using technical analysis tools like moving averages or trendlines can help identify the direction of the trend and make more informed trading decisions. Additionally, setting stop losses at strategic levels and closely monitoring the trade can help mitigate losses in volatile market conditions."
7,2015-04-01 00:00:00,EUR/USD,buy,1.15459,profit,Good,"The trade performed well as the market moved in the desired direction towards the take profit level. The market behavior aligned with the trade strategy, resulting in a profitable outcome.","Continue to set clear entry and exit points, and ensure risk management is maintained. Consider adjusting stop loss levels to secure profits and reduce risk as the trade progresses. Regularly review market conditions and stay informed of any potential factors that could impact the trade."
7,2015-04-01 04:00:00,EUR/USD,buy,1.1675,loss,Poor,"The trade resulted in a loss as the market moved against the buy position. The market trend was bearish during the evaluated intervals, with the price steadily decreasing.","In future trades, it is important to closely monitor market trends and set stop loss levels effectively to limit potential losses. Consider using technical analysis tools to identify potential entry and exit points more accurately. Additionally, diversifying your trading strategies and assets can help mitigate risk in volatile markets."
7,2015-04-01 08:00:00,EUR/USD,buy,1.17248,profit,Good,"The trade was successful as the outcome was profit. The market behaved favorably, with the price reaching the Take Profit level.","Continue to use appropriate risk management techniques, such as setting stop loss and take profit levels. Keep analyzing market behavior to make informed trading decisions."
10,2015-04-01 12:00:00,EUR/USD,buy,1.19439,loss,Poor,"The trade resulted in a loss as the market moved against the buy position. The market behavior over the next intervals showed a downward trend, indicating a continuation of the bearish movement.","It is important to carefully analyze market trends and signals before entering a trade. Consider using additional indicators or confirming signals to reduce the risk of losses in future trades. Additionally, setting a more strategic stop-loss level based on market analysis could help minimize potential losses."
1,2015-04-01 16:00:00,EUR/USD,buy,1.20434,loss,Poor,,"- Consider setting more realistic take profit and stop loss levels based on market analysis and price action.
- Implement risk management strategies such as setting proper risk ratios to protect capital.
- Stay abreast of market trends and news that could impact the forex market to make informed trading decisions."
6,2015-04-01 20:00:00,EUR/USD,sell,1.16289,loss,Poor,"The trade resulted in a loss as the market behaved unfavorably for a selling position. The price moved against the trade, resulting in losses.","It is important to carefully analyze market conditions before entering a trade. In this case, the stop loss and take profit levels were too close to the entry price, resulting in a quick loss. Consider adjusting risk management strategies such as adjusting stop loss levels and considering potential market reversals. Additionally, staying updated on market news and trends can help make more informed trading decisions."
9,2015-05-01 00:00:00,EUR/USD,sell,1.14567,loss,Poor,"The trade resulted in a loss as the market price did not reach the take profit level and instead moved against the sell position. The market behavior showed fluctuations but overall trended higher, causing the trade to be unsuccessful.","When setting stop loss and take profit levels, consider the overall market trend and potential volatility to ensure they are well-placed. Additionally, continuously monitor the market movement and adjust your trade strategy accordingly to potentially minimize losses."
2,2015-05-01 04:00:00,EUR/USD,sell,1.08424,loss,Poor,"The trade resulted in a loss as the market moved against the sell position. The market behavior showed a significant increase in price, which exceeded the stop loss level.","To improve future trades, consider setting tighter stop losses and continuously monitoring market conditions to ensure trades are aligned with the current trend. Additionally, it may be beneficial to diversify trading strategies to mitigate risks."
8,2015-05-01 08:00:00,EUR/USD,sell,1.12603,loss,Poor,"The trade resulted in a loss as the market behavior did not align with the trade parameters. The market moved against the sell position, reaching higher highs and closing above the entry price.","In future trades, consider adjusting the entry price, stop loss, and take profit levels based on a more thorough analysis of market trends and indicators. Additionally, closely monitoring market behavior and staying updated on news events that could impact currency movements can help make more informed trading decisions."
6,2015-05-01 12:00:00,EUR/USD,buy,1.17028,loss,Poor,"The trade resulted in a loss as the market moved against the buy position. The market behavior indicated a slight increase followed by a decrease in the currency pair's value over the next intervals, leading to the stop loss being hit.","Consider conducting thorough market analysis before entering trades, including technical and fundamental analysis. Additionally, it may be beneficial to adjust risk management strategy to account for potential market fluctuations."
8,2015-05-01 16:00:00,EUR/USD,buy,1.09198,profit,Good,"The trade resulted in a profit as the market moved in the desired direction. The market behavior showed a steady increase in price, reaching the take profit level.",It is important to continue analyzing market trends and making informed decisions based on market context. Consider adjusting stop loss and take profit levels as the trade progresses to maximize potential profits. Keep up the good work!
10,2015-05-01 20:00:00,EUR/USD,sell,1.07448,loss,Poor,"The trade resulted in a loss as the market moved against the sell position. The market behavior showed a clear upward trend during the specified intervals, which is why the stop loss was triggered.","In the future, consider conducting a more thorough analysis of market trends before entering a trade. Additionally, review risk management strategies to potentially reduce losses in similar situations."
3,2015-06-01 00:00:00,EUR/USD,buy,1.07757,profit,Good,"The trade resulted in a profit as the market behavior favored the buy position. The market went in the expected direction, reaching higher highs before experiencing some consolidation.","It is important to continue monitoring market behavior and adjust stop loss and take profit levels accordingly to maximize profit potential. Additionally, consider implementing trailing stops to lock in profits as the trade moves in the desired direction."
7,2015-06-01 04:00:00,EUR/USD,sell,1.17634,loss,Poor,The trade resulted in a loss as the market went against the sell position. The market showed overall bearish behavior but had some minor fluctuations before the price dropped significantly.,"It is important to closely monitor market fluctuations and set more realistic entries, stop losses, and take profits based on market analysis. Consider using technical indicators and fundamental analysis to support trade decisions in the future."
10,2015-06-01 08:00:00,EUR/USD,buy,1.06347,profit,Good,"The trade resulted in a profit as the market behaved favorably, with the price moving in the expected direction.","In future trades, consider adjusting the take profit level to potentially capture more profit if the market shows strong momentum in the anticipated direction. Additionally, monitor the market closely for any potential shifts in trend to better manage risk."
10,2015-06-01 12:00:00,EUR/USD,sell,1.06955,loss,Poor,"The trade resulted in a loss as the market did not move in the expected direction. The market behaved bearishly after the trade was initiated, causing the stop loss to be hit.","In order to improve future trades, it is important to consider market sentiment and overall trend before entering a trade. Additionally, adjusting stop loss and take profit levels based on market volatility can help manage risk better. Continuous monitoring of the trade and adapting to changing market conditions is also crucial for success in Forex trading."
5,2015-06-01 16:00:00,EUR/USD,buy,1.15974,loss,Poor,"The trade resulted in a loss as the market moved against the user's buy position. The market behavior showed a downward trend after the trade was initiated, leading to the stop loss being hit.","In the future, it is important to consider the overall market trend and potential support/resistance levels before entering a trade. Additionally, proper risk management techniques such as setting tight stop losses and adjusting position sizes based on risk rates can help minimize losses in volatile market conditions. Regularly reviewing and adjusting trading strategies based on market conditions is also recommended."
9,2015-06-01 20:00:00,EUR/USD,sell,1.1012,loss,Poor,,
5,2015-07-01 00:00:00,EUR/USD,sell,1.20991,profit,Poor,"The trade resulted in a profit, but the market behavior over the next intervals did not align with the initial sell action. The market actually went against the trade's direction, so the profit was likely due to luck rather than a sound trading strategy.","It's important to analyze market trends and indicators thoroughly before making trades to increase the likelihood of success. Additionally, consider using trailing stops to protect profits in case the market turns against the trade. Continuing to educate oneself on forex trading strategies and market analysis will also be beneficial for future trades."
1,2015-07-01 04:00:00,EUR/USD,sell,1.24348,profit,Good,,
5,2015-07-01 08:00:00,EUR/USD,sell,1.08569,loss,Poor,"The trade resulted in a loss as the market didn't move in the expected direction. The market behavior showed a slight decrease in price followed by a significant increase, which could have triggered a stop loss.","In future trades, consider setting a wider stop loss to account for market volatility and consider implementing trailing stop losses to lock in profits as the market moves in your favor. Additionally, analyze market trends and potential catalysts more thoroughly before making trading decisions."
10,2015-07-01 12:00:00,EUR/USD,sell,1.09195,loss,Poor,"This Forex trade resulted in a loss as the market behaved in a way that was not in line with the trade's expectations. The market did not move in favor of the sell position, leading to a negative outcome.","To improve future trades, it is important to closely monitor the market behavior, trends, and key levels. Additionally, consider using tighter stop losses or adjusting take profit levels based on market conditions to help minimize potential losses. Conduct thorough analysis before entering a trade to enhance the chances of success."
5,2015-07-01 16:00:00,EUR/USD,buy,1.09768,profit,Poor,The trade was a buy position entered at 1.09768 with a stop loss at 1.07921 and take profit at 1.1282,"To improve future trades, it is important to consider the overall market trend and potential reversals before entering a trade. Additionally, it is crucial to have a well-defined risk management strategy in place to limit losses in case the trade goes against expectations. Regularly reviewing and analyzing market behavior can also help in making more informed trading decisions."
1,2015-07-01 20:00:00,EUR/USD,buy,1.06404,profit,Good,,
10,2015-08-01 00:00:00,EUR/USD,sell,1.22776,profit,Poor,"The trade started off well with the market moving in the direction of the sell trade, but then reversed and continued to rise, hitting the stop loss. The market context showed a mixed movement with some upward momentum towards the end of the trade interval.","It is important to constantly monitor the market and be prepared to adjust the trade if necessary. Consider using tighter stop losses or trailing stops to protect profits and minimize losses in case of market reversals. Additionally, utilize technical analysis tools to better gauge market direction and entry/exit points."
9,2015-08-01 04:00:00,EUR/USD,buy,1.17938,loss,Poor,"The entry price was higher than the eventual high of the market, resulting in a loss. The market had some fluctuations but ultimately trended downwards after the trade was made.",Consider waiting for a better entry point closer to support levels and reevaluate risk management strategies to potentially reduce losses in future trades. Keep a close eye on market trends and avoid FOMO (Fear of Missing Out) when entering trades.
10,2015-08-01 08:00:00,EUR/USD,buy,1.08235,profit,Good,"The trade resulted in a profit as the market moved in the expected direction after the trade was initiated. The market showed an upward trend, reaching the take profit level.","It is important to continue analyzing market trends and conducting thorough research before entering trades. Additionally, consider adjusting the risk rate to optimize profit potential while minimizing losses."
5,2015-08-01 12:00:00,EUR/USD,buy,1.15481,loss,Poor,The trade resulted in a loss as the market did not move in the expected direction. The market behaved quite erratically with fluctuations in the price.,Improve risk management strategies by adjusting stop loss levels and risk rates based on market volatility. Consider incorporating technical analysis and market sentiment analysis to better predict price movements. Continuously review and adjust trading strategies based on market conditions.
1,2015-08-01 16:00:00,EUR/USD,buy,1.16335,loss,Poor,The trade resulted in a loss as the market did not move in the expected direction. The market behaved unpredictably with no clear trend favoring the buy action.,"In future trades, it is important to consider the overall market context, trends, and potential support/resistance levels before entering a trade. It may also be beneficial to use more precise stop loss and take profit levels to manage risk more effectively. Consider implementing a more thorough analysis of market indicators before making trading decisions."
9,2015-08-01 20:00:00,EUR/USD,sell,1.11553,loss,Poor,"The trade resulted in a loss as the market moved against the sell position. The market behavior showed an initial increase in price followed by a slight decrease, but then a significant upward trend, hitting highs above the entry price.","It is important to have a clear trading strategy in place, including proper risk management. In this case, using a tight stop loss could have helped limit the loss. Additionally, conducting thorough market analysis and possibly waiting for clearer market signals before entering a trade could improve future trade decisions."
5,2015-09-01 00:00:00,EUR/USD,buy,1.14871,profit,Good,"The trade resulted in a profit as the market moved in favor of the buy position. The market behavior over the next intervals showed a positive trend, allowing the trade to reach the Take Profit level.","It is important to continue monitoring the market behavior and adjust stop loss and take profit levels accordingly to maximize potential profits and minimize risks in future trades. Additionally, consider incorporating technical analysis and economic indicators to make informed trading decisions."
5,2015-09-01 04:00:00,EUR/USD,sell,1.16675,profit,Poor,"The trade was a sell entry at 1.16675 with a stop loss at 1.1856 and take profit at 1.121. The market behaved in a way that the open price was 1.18106 and the close price was 1.17878 after the first interval, moving against the trade direction. The trade ended in profit against the forecasted outcome, but the market context did not align with the initial trade setup.",It is essential to analyze the market conditions thoroughly before entering a trade. Consider using additional technical indicators or conducting a more in-depth analysis to increase the accuracy of future trade decisions. Adjusting the risk management strategy based on market conditions could also help improve future trade outcomes.
8,2015-09-01 08:00:00,EUR/USD,sell,1.08091,loss,Poor,The trade resulted in a loss as the market moved against the sell position. The market behavior showed a slight uptrend initially before stabilizing and then dropping slightly. The stop loss was hit due to the market movement.,"Consider adjusting entry and stop loss levels based on a more comprehensive analysis of market trends and potential support and resistance levels. It may also be beneficial to consider incorporating additional technical indicators or fundamental analysis into trade decisions to increase the probability of success. Additionally, make sure to closely monitor market conditions to potentially exit trades before the stop loss is hit if market conditions change."
10,2015-09-01 12:00:00,EUR/USD,buy,1.12054,profit,Good,"The trade resulted in a profit as the market moved in favor of the buy position. The market saw an increase in price over the next intervals, which allowed the trade to reach the take profit level.","It's important to continue analyzing market trends and factors that could impact price movements. Additionally, consider adjusting risk rates based on market conditions to optimize trade outcomes."
3,2015-09-01 16:00:00,EUR/USD,buy,1.10972,profit,Good,"The trade resulted in a profit as the market moved in favor of the buy position. The market behavior showed an upward trend over the next intervals, supporting the profit outcome.",It is important to continue analyzing market trends and making informed decisions when entering trades. Ensuring the risk rate is appropriate for the trade can also help in managing potential losses. Keep up the good work and continue to refine your trading strategy.
2,2015-09-01 20:00:00,EUR/USD,sell,1.17766,profit,Average,,
1,2015-10-01 00:00:00,EUR/USD,sell,1.14534,profit,Good,"The trade was successful as the outcome was a profit. The market behavior showed a downward trend after the trade was initiated, allowing the take profit to be reached.",Continue to set clear entry and exit points based on thorough market analysis. Consider adjusting stop loss and take profit levels based on market volatility. Keep monitoring market trends to make informed trading decisions.
8,2015-10-01 04:00:00,EUR/USD,buy,1.16613,loss,Poor,"The trade resulted in a loss as the market price did not reach the take profit level and instead moved in the opposite direction. The market was bearish during the evaluated intervals, which likely contributed to the loss.","It is important to consider the overall market trend and potential reversals before entering a trade. Setting a stop loss closer to the entry price could help limit potential losses in case of unexpected market movements. Additionally, conducting thorough analysis and incorporating technical indicators may improve the accuracy of trade entries and exits."
4,2015-10-01 08:00:00,EUR/USD,sell,1.08934,loss,Poor,"The trade resulted in a loss as the market price did not reach the take profit level and instead moved against the sell position. The market behavior showed the price moving in the opposite direction, making it difficult for the trade to be profitable.","In future trades, it is important to consider the overall market trend and potential price movements to set more realistic stop loss and take profit levels. Additionally, considering using technical analysis indicators or signals to confirm trade entries and exits could help improve trade decisions."
1,2015-10-01 12:00:00,EUR/USD,sell,1.156,profit,Good,"The trade resulted in profit as the market moved in the desired direction after the entry. The market behaved as expected, reaching the take profit level.",It is important to continue analyzing market behavior and setting appropriate stop loss and take profit levels. Good risk management practices were evident in this trade with a low risk rate. Keep up the good work and continue to sharpen your analysis skills for future trades.
6,2015-10-01 16:00:00,EUR/USD,sell,1.08249,loss,Poor,"The trade resulted in a loss as the market behavior did not align with the trade parameters set. The market moved in the opposite direction of the trade, leading to a negative outcome.","It is essential to carefully consider market trends and behaviors before executing a trade. Additionally, it is crucial to potentially reevaluate risk management strategies and ensure that stop-loss and take-profit levels are set at appropriate levels based on market conditions. Continuous learning and analysis of market data can help improve future trade decisions."
10,2015-10-01 20:00:00,EUR/USD,buy,1.23254,loss,Poor,The trade resulted in a loss as the market did not move in the expected direction. The market behavior shows a mixed range-bound movement with no strong trend in the direction of the trade.,"To improve future trades, it is important to consider market conditions, trends, and potential catalysts that could impact the movement of the currency pair. Additionally, proper risk management strategies should be in place to protect against unexpected market movements. Consider utilizing technical analysis tools to identify potential entry and exit points more effectively."
3,2015-11-01 00:00:00,EUR/USD,sell,1.12797,loss,Poor,"The trade resulted in a loss as the market moved against the selling position. The market behavior showed a downward trend, but there were some fluctuations that could have triggered the stop loss.","It is important to consider setting a wider stop loss or adjusting the risk rate to avoid being stopped out by temporary fluctuations in the market. Additionally, conducting a more thorough analysis of market trends and potential support/resistance levels could help in making more informed trading decisions."
3,2015-11-01 04:00:00,EUR/USD,sell,1.13325,loss,Poor,"The trade resulted in a loss as the market moved against the sell position. The market behavior showed a slight drop in price initially, followed by some fluctuation but ultimately moving in the opposite direction of the trade.","It is important to carefully analyze market trends and consider using technical analysis tools to determine entry points more accurately. Additionally, considering setting a wider stop loss or adjusting take profit levels to account for market volatility. Regularly reviewing and adjusting trading strategies based on market conditions can also help improve future trade outcomes."
7,2015-11-01 08:00:00,EUR/USD,buy,1.05077,profit,Good,"The trade resulted in a profit as the market moved in favor of the buy position. The market behavior showed some volatility but overall, the trade hit the take profit level.","It's important to continue monitoring the market behavior and consider adjusting stop loss and take profit levels based on the market conditions. Additionally, focusing on risk management and sticking to the trading plan will be beneficial for future trades."
10,2015-11-01 12:00:00,EUR/USD,buy,1.08345,profit,Good,"The trade was successful as the market moved in the expected direction towards the Take Profit level. The market behavior showed a steady decline from the entry point to the Take Profit level, indicating a favorable trend for the trade.","Continue to set clear entry, stop loss, and take profit levels based on thorough analysis of market behavior. Consider adjusting risk rate to optimize potential profits while managing risk effectively. Regularly review and adapt trading strategies to stay ahead of market movements."
1,2015-11-01 16:00:00,EUR/USD,buy,1.05494,profit,Good,"The trade was successful with the market moving in favor of the buy position. The entry price, stop loss, and take profit levels were well-placed, leading to a profitable outcome.",Keep analyzing market behavior and adapting strategies accordingly. Consider adjusting risk rates based on market conditions to optimize trade outcomes. Stay disciplined with trade entry and exit points.
5,2015-11-01 20:00:00,EUR/USD,sell,1.23664,profit,Good,,
7,2015-12-01 00:00:00,EUR/USD,sell,1.22006,profit,Good,"The trade resulted in profit as the market moved in the expected direction after entry. The market behavior showed a downtrend, supporting the sell action.","Consider adjusting the take profit and stop loss levels based on market volatility to potentially enhance profits or limit losses in future trades. Additionally, continue to monitor market trends to make informed trading decisions."
3,2015-12-01 04:00:00,EUR/USD,buy,1.1189,profit,Good,"The trade was successful as the outcome was a profit. The market showed a steady increase in price following the entry point, reaching above the take profit level.","While this trade was successful, it's important to continue monitoring market behavior and adjusting stop loss and take profit levels accordingly to maximize profits and minimize risks in future trades. Additionally, consider diversifying your trades to reduce overall risk exposure."
7,2015-12-01 08:00:00,EUR/USD,buy,1.11546,profit,Good,"This trade resulted in a profit as the market moved in your favor. The market behavior showed a steady increase in price over the next intervals, allowing you to reach your take profit level.","It's important to continue to set clear entry and exit points with appropriate risk management, as this trade demonstrated. Keep monitoring market behavior and adjust your strategy as needed to capitalize on favorable movements. Consider diversifying your trades to manage risk effectively."
7,2015-12-01 12:00:00,EUR/USD,sell,1.22302,profit,Good,"The trade had a successful outcome as the market moved in the direction of the sell trade, reaching the Take Profit level. The market behavior showed a steady decline in price after the entry point, supporting the trade decision.","It is important to continue to analyze market behavior and trend patterns to make informed trading decisions. In this case, setting a clear Take Profit level helped secure a profit, but it is also important to monitor the trade and adjust accordingly if market conditions change. Additionally, considering factors such as economic news and events that may impact the market can also help improve future trades."
10,2015-12-01 16:00:00,EUR/USD,sell,1.07166,loss,Poor,"The trade resulted in a loss due to market behavior going against the sell position. The market saw a significant increase in price after the entry, leading to the stop loss being triggered.","In future trades, it's important to carefully assess market trends and potential risks before entering a trade. Consider using tighter stop losses or implementing a more strategic risk management approach to minimize losses. Additionally, staying updated on market news and events that can impact currency pairs can help in making more informed trading decisions."
3,2015-12-01 20:00:00,EUR/USD,buy,1.07055,profit,Good,,
1,2015-01-13 00:00:00,EUR/USD,buy,1.23763,loss,Poor,"The trade resulted in a loss as the market moved against the user's buy position. The market behaved erratically with fluctuations in price, ultimately leading to the stop loss being hit.","It's important to consider the market context and potential volatility before entering a trade. Using a tighter stop loss or adjusting the risk rate could help mitigate losses in similar situations in the future. Additionally, closely monitoring the market during trading hours could help make more informed decisions."
10,2015-01-13 04:00:00,EUR/USD,buy,1.20212,loss,Poor,"The trade resulted in a loss as the market did not move in the expected direction. The market showed fluctuations in price without hitting the take profit level, ultimately leading to the stop loss being triggered.","It is important to consider the volatility of the market and set more realistic take profit levels. Additionally, closely monitoring market behavior and adjusting stop loss levels accordingly can help manage risk more effectively. Consider incorporating technical analysis and risk management strategies in future trades."
1,2015-01-13 08:00:00,EUR/USD,buy,1.15955,profit,Average,,
2,2015-01-13 12:00:00,EUR/USD,buy,1.10031,profit,Good,The trade resulted in a profit as the price reached the take profit level. The market context showed some fluctuations but ultimately moved in favor of the trade.,"Consider adjusting the risk rate to potentially increase profit opportunities while managing risk effectively. Additionally, stay informed about market trends and factors that may impact currency prices to improve decision-making in future trades."
1,2015-01-13 16:00:00,EUR/USD,sell,1.16815,loss,Poor,,
10,2015-01-13 20:00:00,EUR/USD,buy,1.20342,loss,Poor,"The trade resulted in a loss as the market moved against the buy position. The market behaved in a volatile manner with fluctuations in price movements, ultimately leading to the stop loss being triggered.","In the future, it is important to consider the current market conditions and volatility before entering a trade. It may be beneficial to set wider stop loss levels to account for any unexpected market movements. Additionally, utilizing technical indicators or fundamental analysis to support trade decisions could improve trade accuracy."
3,2015-01-14 00:00:00,EUR/USD,buy,1.15304,profit,Good,"The trade ended in profit as the market behaved favorably, with the price reaching the Take Profit level. The market had some fluctuations but overall moved in the right direction for the trade.","It's important to continue monitoring the market and reacting to any significant changes that may affect the trade. Additionally, consider adjusting the Take Profit and Stop Loss levels based on market volatility to potentially maximize profits and minimize losses in future trades."
1,2015-01-14 04:00:00,EUR/USD,buy,1.19321,loss,Poor,The trade resulted in a loss as the market did not move in the expected direction after the entry. The market had some fluctuations but ultimately did not reach the take profit level.,"In future trades, it is important to consider the market volatility and potential for price reversals. Setting more realistic take profit and stop loss levels based on market conditions could help improve trade outcomes. Additionally, considering using technical analysis indicators or patterns to confirm trade entry points could also be beneficial."
8,2015-01-14 08:00:00,EUR/USD,sell,1.05582,loss,Poor,The trade resulted in a loss as the market price did not reach the take profit level and instead moved against the trade direction. The market behavior showed some volatility but eventually stabilized around the entry price.,"It is important to consider the market volatility and potential for price reversals when setting stop loss and take profit levels. Additionally, reviewing market trends and news events that could impact the currency pair's movement can help in making more informed trading decisions."
10,2015-01-14 12:00:00,EUR/USD,buy,1.12323,profit,Good,The trade resulted in a profit as the market moved in favor of the buy position. The market behavior showed some volatility but ultimately ended with the trade being profitable.,"Consider setting more precise take profit and stop loss levels to maximize profits and minimize losses. Additionally, monitoring the market closely for potential reversals can help in making more informed trading decisions."
7,2015-01-14 16:00:00,EUR/USD,sell,1.14362,loss,Poor,,"- Review and potentially adjust the risk rate to better align with market conditions and minimize losses.
- Consider setting a more conservative stop loss to protect against adverse market movements.
- Continuously monitor market behavior and adjust trading strategies accordingly to mitigate losses in the future."
3,2015-01-14 20:00:00,EUR/USD,buy,1.12416,profit,Average,"The trade resulted in a profit, but the market experienced some fluctuations with highs and lows during the trading period. The market context shows some volatility during the intervals, which could have impacted the trade outcome.","Consider setting tighter stop-loss and take-profit levels to minimize risk in volatile market conditions. Additionally, closely monitor market trends and news to make informed trading decisions."
6,2015-01-15 00:00:00,EUR/USD,sell,1.1308,loss,Poor,"The trade resulted in a loss as the market moved against the sell position. The market exhibited some volatility and fluctuation during the specified intervals, which contributed to the trade's unfavorable outcome.","In future trades, it is important to consider implementing a more effective risk management strategy, possibly by setting tighter stop loss levels or adjusting the entry price based on market conditions. Additionally, conducting thorough market analysis and staying updated on economic indicators could help in making more informed trading decisions."
4,2015-01-15 04:00:00,EUR/USD,sell,1.07858,loss,Poor,The trade resulted in a loss as the market moved against the sell position. The market behavior showed some fluctuations but ultimately did not reach the take profit target or stay within the stop loss range.,"To improve future trades, consider adjusting the risk rate and ensuring that entry points are based on thorough analysis of market trends and indicators. Additionally, closely monitoring market behavior and setting more realistic take profit and stop loss levels can help mitigate losses."
5,2015-01-15 08:00:00,EUR/USD,sell,1.05107,loss,Poor,"The trade resulted in a loss as the market behavior did not align with the trade expectations. The market moved against the sell position, leading to a loss.","To improve future trades, consider conducting thorough market analysis and potentially adjusting entry points, stop-loss, and take-profit levels based on the market behavior. It's essential to adapt to changing market conditions and have a flexible trading strategy. Additionally, practice proper risk management to better manage trades and potential losses."
9,2015-01-15 12:00:00,EUR/USD,sell,1.05561,loss,Poor,This Forex trade resulted in a loss as the market did not move in favor of the sell position. The market behaved unpredictably and did not follow the expected trend.,"In the future, it is important to conduct a thorough analysis of market trends and factors that may impact currency pairs before executing a trade. It is also crucial to set more realistic stop loss and take profit levels based on market conditions to minimize potential losses. Additionally, consider utilizing risk management strategies to protect investments in volatile market conditions."
2,2015-01-15 16:00:00,EUR/USD,buy,1.18638,loss,Poor,"The trade resulted in a loss as the market did not move in favor of the trade. The price did not reach the Take Profit level and instead moved against the trade towards the Stop Loss level. The market was volatile, with ups and downs, making it challenging to predict.",Consider setting more realistic Take Profit and Stop Loss levels based on market conditions. Implement better risk management strategies to protect against volatile market movements. Keep a close eye on market trends and news that could impact the forex trade.
4,2015-01-15 20:00:00,EUR/USD,buy,1.07773,profit,Good,"The trade resulted in a profit as the market behaved favorably. The price moved in the expected direction, reaching the take profit level.","Consider adjusting the risk rate to potentially increase profits in future trades. Additionally, continue to analyze market behavior and trends to make informed decisions."
10,2015-01-16 00:00:00,EUR/USD,sell,1.11093,loss,Poor,The trade resulted in a loss as the market moved against the sell position. The market behaved erratically with some fluctuations but ultimately did not reach the target price or stop loss.,"It is important to closely monitor market behavior and adjust stop loss and take profit levels accordingly. Additionally, consider setting more realistic risk rates to account for market volatility. Regularly reevaluate trading strategies and consider diversifying trades to mitigate risk."
1,2015-01-16 04:00:00,EUR/USD,sell,1.24203,profit,Good,"The trade performed well as the market moved in the expected direction, hitting the take profit level. The market context showed a steady downtrend, supporting the sell action.","Continue to set clear entry, stop loss, and take profit levels based on market analysis and risk management. Consider adjusting the risk rate to optimize trade outcomes. Regularly review market behavior to fine-tune trading strategies."
8,2015-01-16 08:00:00,EUR/USD,sell,1.14531,open,Poor,"The trade was entered as a sell with an entry price of 1.14531, a stop loss at 1.16449, and a take profit at 1.11744. However, the market behavior showed that the price did not reach the stop loss nor the take profit levels within the provided timeframe. The price instead fluctuated between 1.15845 and 1.16062.","In the future, it is important to reassess the entry price, stop loss, and take profit levels based on more recent market behavior and trends. It may also be beneficial to consider using technical analysis tools to help identify potential entry and exit points more effectively. Additionally, it is crucial to continuously monitor and adjust the trade if necessary to mitigate risks and maximize profits."
9,2015-01-16 12:00:00,EUR/USD,sell,1.20355,profit,Good,"The trade resulted in a profit as the market behaved favorably over the next intervals, with the price moving within the expected range.","It's important to continue monitoring the market and adjusting stop loss and take profit levels as needed to maximize profits and minimize losses. Additionally, consider incorporating more technical and fundamental analysis to make more informed trading decisions."
1,2015-01-16 16:00:00,EUR/USD,buy,1.18988,loss,Poor,"The trade resulted in a loss as the market moved against the buy position. The market showed a downward trend during the period, with the price closing lower than the entry price.","- Consider using a tighter stop loss to mitigate losses in case of market reversal.
- Conduct thorough market analysis to identify potential trends and entry points more accurately.
- Monitor market behavior closely and be prepared to adjust your positions accordingly to avoid losses."
2,2015-01-16 20:00:00,EUR/USD,sell,1.24727,profit,Good,,
6,2015-01-17 00:00:00,EUR/USD,buy,1.16472,open,Average,The trade is currently open and the market has been fluctuating around the entry price. The market behavior shows some volatility but no significant movement in the trade direction yet. It is too early to determine the success of the trade.,"It is important to closely monitor the trade and potentially adjust the stop loss or take profit levels if needed. Consider setting more specific entry and exit points based on market analysis to improve trade decisions in the future. Additionally, ensure to consider the overall market context and potential upcoming events that could impact the trade."
4,2015-01-17 04:00:00,EUR/USD,sell,1.24099,profit,Average,"The trade resulted in a profit, which is a positive outcome. However, the market behavior showed some fluctuations with the price moving up and down during the analyzed time intervals. Despite this, the trade managed to reach its take profit level.","Consider tightening your stop loss level to potentially secure profits sooner during periods of market volatility. Additionally, continue to monitor market trends to make informed trading decisions in the future."
2,2015-01-17 08:00:00,EUR/USD,buy,1.09866,profit,Good,"The trade resulted in a profit as the market moved in the desired direction after the entry. The market showed a steady increase in price over the next intervals, allowing the trade to reach the take profit level.","Monitoring the market behavior and setting realistic take profit levels based on the market context can help improve future trades. Additionally, consider adjusting stop loss levels to protect profits and reduce risk as the trade progresses."
4,2015-01-17 12:00:00,EUR/USD,sell,1.10843,loss,Poor,"The trade was a loss as the market moved against the sell position. The market showed a bullish trend during the specified time intervals, with the closing prices generally higher than the entry price.","In future trades, consider analyzing the market trend more carefully before deciding on a sell position. It may also be beneficial to adjust the risk rate and stop loss levels to better align with market conditions. Additionally, keeping a closer eye on market news and events that may impact currency movements could help improve trade outcomes."
